id_estado,id_distrito,id_circuns,diputado_partido,x,y,r,theta,long.ajuste,lat.ajuste,long,lat
1,1,2,PRI,-102.3619377,22.00644108,0.268803051,120,-0.134401526,0.232790271,-102.4963392,22.23923135
1,2,2,PAN,-102.3619377,22.00644108,0.209401526,240,-0.104700763,-0.181347041,-102.4666385,21.82509404
1,3,2,PAN,-102.3619377,22.00644108,0.418803051,360,0.418803051,-1.03E-16,-101.9431346,22.00644108
2,1,1,MORENA,-115.1100192,30.58374501,0.238207321,40,0.182477395,0.153116715,-114.9275418,30.73686172
2,2,1,MORENA,-115.1100192,30.58374501,0.476414643,80,0.082728534,0.469176834,-115.0272907,31.05292184
2,3,1,MORENA,-115.1100192,30.58374501,0.238207321,120,-0.119103661,0.206293592,-115.2291229,30.7900386
2,4,1,MORENA,-115.1100192,30.58374501,0.476414643,160,-0.447683324,0.162943404,-115.5577025,30.74668841
2,5,1,MORENA,-115.1100192,30.58374501,0.238207321,200,-0.223841662,-0.081471702,-115.3338609,30.50227331
2,6,1,MORENA,-115.1100192,30.58374501,0.476414643,240,-0.238207321,-0.412587183,-115.3482265,30.17115783
2,7,1,MORENA,-115.1100192,30.58374501,0.238207321,280,0.041364267,-0.234588417,-115.0686549,30.34915659
2,8,1,PVEM,-115.1100192,30.58374501,0.476414643,320,0.36495479,-0.306233429,-114.7450644,30.27751158
2,9,1,MORENA,-115.1100192,30.58374501,0.238207321,360,0.238207321,-5.84E-17,-114.8718119,30.58374501
3,1,1,MORENA,-112.0789215,25.92532275,0.46015314,180,-0.46015314,5.64E-17,-112.5390746,25.92532275
3,2,1,PT,-112.0789215,25.92532275,0.23007657,360,0.23007657,-5.64E-17,-111.8488449,25.92532275
4,1,3,MORENA,-90.36025822,18.84029848,0.369213935,180,-0.369213935,4.52E-17,-90.72947216,18.84029848
4,2,3,MORENA,-90.36025822,18.84029848,0.184606968,360,0.184606968,-4.52E-17,-90.17565125,18.84029848
5,1,2,PT,-102.0440387,27.29544298,0.422526251,45,0.298771177,0.298771177,-101.7452675,27.59421416
5,2,2,MORENA,-102.0440387,27.29544298,0.211263125,90,1.29E-17,0.211263125,-102.0440387,27.50670611
5,3,2,PAN,-102.0440387,27.29544298,0.422526251,135,-0.298771177,0.298771177,-102.3428099,27.59421416
5,4,2,PRI,-102.0440387,27.29544298,0.211263125,180,-0.211263125,2.59E-17,-102.2553018,27.29544298
5,5,2,PAN,-102.0440387,27.29544298,0.422526251,225,-0.298771177,-0.298771177,-102.3428099,26.9966718
5,6,2,MORENA,-102.0440387,27.29544298,0.211263125,270,-3.88E-17,-0.211263125,-102.0440387,27.08417985
5,7,2,MORENA,-102.0440387,27.29544298,0.422526251,315,0.298771177,-0.298771177,-101.7452675,26.9966718
5,8,2,PVEM,-102.0440387,27.29544298,0.211263125,360,0.211263125,-5.18E-17,-101.8327756,27.29544298
6,1,5,MORENA,-103.913373,19.14099369,0.422646268,180,-0.422646268,5.18E-17,-104.3360193,19.14099369
6,2,5,MORENA,-103.913373,19.14099369,0.211323134,360,0.211323134,-5.18E-17,-103.7020499,19.14099369
7,1,3,PT,-92.47291182,16.48523987,0.563585035,27.69230769,0.499029765,0.261911025,-91.97388205,16.7471509
7,2,3,MORENA,-92.47291182,16.48523987,0.375723357,55.38461538,0.213435194,0.309214261,-92.25947663,16.79445413
7,3,3,MORENA,-92.47291182,16.48523987,0.187861678,83.07692308,0.022644223,0.186491955,-92.4502676,16.67173183
7,4,3,MORENA,-92.47291182,16.48523987,0.563585035,110.7692308,-0.199850008,0.526961162,-92.67276183,17.01220103
7,5,3,MORENA,-92.47291182,16.48523987,0.375723357,138.4615385,-0.281232971,0.249150671,-92.75414479,16.73439054
7,6,3,MORENA,-92.47291182,16.48523987,0.187861678,166.1538462,-0.182402759,0.044958242,-92.65531458,16.53019811
7,7,3,MORENA,-92.47291182,16.48523987,0.563585035,193.8461538,-0.547208278,-0.134874727,-93.0201201,16.35036514
7,8,3,PT,-92.47291182,16.48523987,0.375723357,221.5384615,-0.281232971,-0.249150671,-92.75414479,16.2360892
7,9,3,MORENA,-92.47291182,16.48523987,0.187861678,249.2307692,-0.066616669,-0.175653721,-92.53952849,16.30958615
7,10,3,MORENA,-92.47291182,16.48523987,0.563585035,276.9230769,0.067932669,-0.559475866,-92.40497915,15.925764
7,11,3,MORENA,-92.47291182,16.48523987,0.375723357,304.6153846,0.213435194,-0.309214261,-92.25947663,16.17602561
7,12,3,MORENA,-92.47291182,16.48523987,0.187861678,332.3076923,0.166343255,-0.087303675,-92.30656856,16.39793619
7,13,3,PVEM,-92.47291182,16.48523987,0.563585035,360,0.563585035,-1.64E-15,-91.90932678,16.48523987
8,1,1,MORENA,-106.4689395,28.80853805,0.441190516,40,0.337971543,0.283591797,-106.130968,29.09212985
8,2,1,MORENA,-106.4689395,28.80853805,0.220595258,80,0.038305965,0.21724392,-106.4306335,29.02578197
8,3,1,PT,-106.4689395,28.80853805,0.441190516,120,-0.220595258,0.382082194,-106.6895348,29.19062024
8,4,1,MORENA,-106.4689395,28.80853805,0.220595258,160,-0.207291736,0.075448022,-106.6762312,28.88398607
8,5,1,PRI,-106.4689395,28.80853805,0.441190516,200,-0.414583472,-0.150896043,-106.883523,28.65764201
8,6,1,PAN,-106.4689395,28.80853805,0.220595258,240,-0.110297629,-0.191041097,-106.5792371,28.61749695
8,7,1,PT,-106.4689395,28.80853805,0.441190516,280,0.076611929,-0.43448784,-106.3923276,28.37405021
8,8,1,PRI,-106.4689395,28.80853805,0.220595258,320,0.168985771,-0.141795898,-106.2999537,28.66674215
8,9,1,PRI,-106.4689395,28.80853805,0.441190516,360,0.441190516,-1.08E-16,-106.027749,28.80853805
9,1,4,MORENA,-95.586199,20.752447,0.586878077,16.36363636,0.563105392,0.165342661,-95.02309361,20.91778966
9,2,4,PT,-95.586199,20.752447,0.391252052,32.72727273,0.329142171,0.211526829,-95.25705683,20.96397383
9,3,4,MORENA,-95.586199,20.752447,0.195626026,49.09090909,0.128107803,0.147844286,-95.4580912,20.90029129
9,4,4,MORENA,-95.586199,20.752447,0.586878077,65.45454545,0.243797964,0.533843077,-95.34240104,21.28629008
9,5,4,MORENA,-95.586199,20.752447,0.391252052,81.81818182,0.055680972,0.38726967,-95.53051803,21.13971667
9,6,4,MORENA,-95.586199,20.752447,0.195626026,98.18181818,-0.027840486,0.193634835,-95.61403949,20.94608183
9,7,4,MORENA,-95.586199,20.752447,0.586878077,114.5454545,-0.243797964,0.533843077,-95.82999696,21.28629008
9,8,4,PVEM,-95.586199,20.752447,0.391252052,130.9090909,-0.256215606,0.295688572,-95.84241461,21.04813557
9,9,4,MORENA,-95.586199,20.752447,0.586878077,147.2727273,-0.493713256,0.317290244,-96.07991226,21.06973724
9,10,4,PAN,-95.586199,20.752447,0.391252052,163.6363636,-0.375403594,0.110228441,-95.96160259,20.86267544
9,11,4,MORENA,-95.586199,20.752447,0.195626026,180,-0.195626026,-1.50E-16,-95.78182503,20.752447
9,12,4,PRD,-95.586199,20.752447,0.586878077,196.3636364,-0.563105392,-0.165342661,-96.14930439,20.58710434
9,13,4,MORENA,-95.586199,20.752447,0.391252052,212.7272727,-0.329142171,-0.211526829,-95.91534117,20.54092017
9,14,4,MORENA,-95.586199,20.752447,0.195626026,229.0909091,-0.128107803,-0.147844286,-95.7143068,20.60460271
9,15,4,PAN,-95.586199,20.752447,0.586878077,245.4545455,-0.243797964,-0.533843077,-95.82999696,20.21860392
9,16,4,MORENA,-95.586199,20.752447,0.391252052,261.8181818,-0.055680972,-0.38726967,-95.64187997,20.36517733
9,17,4,PVEM,-95.586199,20.752447,0.195626026,278.1818182,0.027840486,-0.193634835,-95.55835851,20.55881217
9,18,4,MORENA,-95.586199,20.752447,0.586878077,294.5454545,0.243797964,-0.533843077,-95.34240104,20.21860392
9,19,4,PAN,-95.586199,20.752447,0.391252052,310.9090909,0.256215606,-0.295688572,-95.32998339,20.45675843
9,20,4,PT,-95.586199,20.752447,0.586878077,327.2727273,0.493713256,-0.317290244,-95.09248574,20.43515676
9,21,4,MORENA,-95.586199,20.752447,0.391252052,343.6363636,0.375403594,-0.110228441,-95.21079541,20.64221856
9,22,4,MORENA,-95.586199,20.752447,0.195626026,360,0.195626026,3.00E-16,-95.39057297,20.752447
10,1,1,MORENA,-104.9133986,24.9236104,0.431332958,90,2.64E-17,0.431332958,-104.9133986,25.35494336
10,2,1,PT,-104.9133986,24.9236104,0.215666479,180,-0.215666479,2.64E-17,-105.1290651,24.9236104
10,3,1,PVEM,-104.9133986,24.9236104,0.431332958,270,-7.93E-17,-0.431332958,-104.9133986,24.49227744
10,4,1,PAN,-104.9133986,24.9236104,0.215666479,360,0.215666479,-5.28E-17,-104.6977321,24.9236104
11,1,2,PRI,-101.0126144,20.90543204,0.618919278,24,0.565410895,0.25173715,-100.4472035,21.15716919
11,2,2,MORENA,-101.0126144,20.90543204,0.412612852,48,0.276091888,0.306631106,-100.7365225,21.21206315
11,3,2,PAN,-101.0126144,20.90543204,0.206306426,72,0.063752192,0.196209071,-100.9488622,21.10164111
11,4,2,MORENA,-101.0126144,20.90543204,0.618919278,96,-0.064694681,0.615528774,-101.0773091,21.52096081
11,5,2,PAN,-101.0126144,20.90543204,0.412612852,120,-0.206306426,0.357333212,-101.2189208,21.26276525
11,6,2,PAN,-101.0126144,20.90543204,0.206306426,144,-0.166905405,0.121263875,-101.1795198,21.02669591
11,7,2,PAN,-101.0126144,20.90543204,0.618919278,168,-0.605394407,0.128680554,-101.6180088,21.03411259
11,8,2,MORENA,-101.0126144,20.90543204,0.412612852,192,-0.403596271,-0.085787036,-101.4162107,20.819645
11,9,2,PAN,-101.0126144,20.90543204,0.206306426,216,-0.166905405,-0.121263875,-101.1795198,20.78416817
11,10,2,MORENA,-101.0126144,20.90543204,0.618919278,240,-0.309459639,-0.535999818,-101.322074,20.36943222
11,11,2,PAN,-101.0126144,20.90543204,0.412612852,264,-0.043129787,-0.410352516,-101.0557442,20.49507952
11,12,2,MORENA,-101.0126144,20.90543204,0.206306426,288,0.063752192,-0.196209071,-100.9488622,20.70922297
11,13,2,MORENA,-101.0126144,20.90543204,0.618919278,312,0.414137832,-0.459946659,-100.5984766,20.44548538
11,14,2,MORENA,-101.0126144,20.90543204,0.412612852,336,0.376940597,-0.167824766,-100.6356738,20.73760727
11,15,2,MORENA,-101.0126144,20.90543204,0.206306426,360,0.206306426,-5.06E-17,-100.806308,20.90543204
12,1,4,MORENA,-99.92182525,17.66801087,0.40588727,45,0.287005641,0.287005641,-99.63481961,17.95501651
12,2,4,MORENA,-99.92182525,17.66801087,0.202943635,90,1.24E-17,0.202943635,-99.92182525,17.87095451
12,3,4,PVEM,-99.92182525,17.66801087,0.40588727,135,-0.287005641,0.287005641,-100.2088309,17.95501651
12,4,4,MORENA,-99.92182525,17.66801087,0.202943635,180,-0.202943635,2.49E-17,-100.1247689,17.66801087
12,5,4,PT,-99.92182525,17.66801087,0.40588727,225,-0.287005641,-0.287005641,-100.2088309,17.38100523
12,6,4,PVEM,-99.92182525,17.66801087,0.202943635,270,-3.73E-17,-0.202943635,-99.92182525,17.46506723
12,7,4,MORENA,-99.92182525,17.66801087,0.40588727,315,0.287005641,-0.287005641,-99.63481961,17.38100523
12,8,4,PVEM,-99.92182525,17.66801087,0.202943635,360,0.202943635,-4.97E-17,-99.71888161,17.66801087
13,1,4,MORENA,-98.88711307,20.47955668,0.403942043,51.42857143,0.251853744,0.315814606,-98.63525933,20.79537129
13,2,4,PVEM,-98.88711307,20.47955668,0.201971021,102.8571429,-0.04494278,0.196907186,-98.93205585,20.67646387
13,3,4,MORENA,-98.88711307,20.47955668,0.403942043,154.2857143,-0.363939205,0.175263884,-99.25105228,20.65482056
13,4,4,MORENA,-98.88711307,20.47955668,0.201971021,205.7142857,-0.181969603,-0.087631942,-99.06908267,20.39192474
13,5,4,MORENA,-98.88711307,20.47955668,0.403942043,257.1428571,-0.089885561,-0.393814372,-98.97699863,20.08574231
13,6,4,MORENA,-98.88711307,20.47955668,0.201971021,308.5714286,0.125926872,-0.157907303,-98.7611862,20.32164938
13,7,4,MORENA,-98.88711307,20.47955668,0.253942043,360,0.253942043,3.89E-16,-98.63317103,20.47955668
14,1,1,MORENA,-103.613211,20.58078407,0.633824567,18,0.602802985,0.195862563,-103.010408,20.77664663
14,2,1,MC,-103.613211,20.58078407,0.422549711,36,0.341849898,0.248368489,-103.2713611,20.82915256
14,3,1,PAN,-103.613211,20.58078407,0.211274856,54,0.124184244,0.170924949,-103.4890268,20.75170902
14,4,1,PVEM,-103.613211,20.58078407,0.483824567,72,0.149510014,0.460144507,-103.463701,21.04092858
14,5,1,MORENA,-103.613211,20.58078407,0.352549711,90,2.16E-17,0.352549711,-103.613211,20.93333378
14,6,1,MORENA,-103.613211,20.58078407,0.211274856,108,-0.065287521,0.200934328,-103.6784985,20.7817184
14,7,1,MORENA,-103.613211,20.58078407,0.633824567,126,-0.372552733,0.512774846,-103.9857637,21.09355892
14,8,1,PAN,-103.613211,20.58078407,0.422549711,144,-0.341849898,0.248368489,-103.9550609,20.82915256
14,9,1,MORENA,-103.613211,20.58078407,0.211274856,162,-0.200934328,0.065287521,-103.8141453,20.64607159
14,10,1,PAN,-103.613211,20.58078407,0.633824567,180,-0.633824567,7.77E-17,-104.2470356,20.58078407
14,11,1,MORENA,-103.613211,20.58078407,0.422549711,198,-0.401868657,-0.130575042,-104.0150797,20.45020903
14,12,1,MORENA,-103.613211,20.58078407,0.211274856,216,-0.170924949,-0.124184244,-103.7841359,20.45659983
14,13,1,PT,-103.613211,20.58078407,0.633824567,234,-0.372552733,-0.512774846,-103.9857637,20.06800922
14,14,1,MORENA,-103.613211,20.58078407,0.422549711,252,-0.130575042,-0.401868657,-103.743786,20.17891541
14,15,1,PAN,-103.613211,20.58078407,0.211274856,270,-3.88E-17,-0.211274856,-103.613211,20.36950921
14,16,1,MORENA,-103.613211,20.58078407,0.633824567,288,0.195862563,-0.602802985,-103.4173484,19.97798109
14,17,1,PVEM,-103.613211,20.58078407,0.422549711,306,0.248368489,-0.341849898,-103.3648425,20.23893417
14,18,1,MORENA,-103.613211,20.58078407,0.211274856,324,0.170924949,-0.124184244,-103.4422861,20.45659983
14,19,1,MORENA,-103.613211,20.58078407,0.633824567,342,0.602802985,-0.195862563,-103.010408,20.38492151
14,20,1,MORENA,-103.613211,20.58078407,0.422549711,360,0.422549711,-1.04E-16,-103.1906613,20.58078407
15,1,5,PVEM,-103.274173,16.924071,0.946517032,9,0.934863837,0.148067886,-102.3393092,17.07213889
15,2,5,PT,-103.274173,16.924071,0.837213626,18,0.796237474,0.258713238,-102.4779355,17.18278424
15,3,5,MORENA,-103.274173,16.924071,0.627910219,27,0.559472102,0.285065274,-102.7147009,17.20913627
15,4,5,MORENA,-103.274173,16.924071,0.418606813,36,0.338660026,0.246050911,-102.935513,17.17012191
15,5,5,PT,-103.274173,16.924071,0.209303406,45,0.147999858,0.147999858,-103.1261731,17.07207086
15,6,5,MORENA,-103.274173,16.924071,0.946517032,54,0.556348753,0.765748365,-102.7178242,17.68981936
15,7,5,MORENA,-103.274173,16.924071,0.837213626,63,0.380087032,0.745962803,-102.894086,17.6700338
15,8,,MORENA,-103.274173,16.924071,0.627910219,72,0.194034929,0.597178106,-103.0801381,17.52124911
15,9,5,MORENA,-103.274173,16.924071,0.418606813,81,0.065484533,0.413453068,-103.2086885,17.33752407
15,10,5,MORENA,-103.274173,16.924071,0.209303406,90,1.28E-17,0.209303406,-103.274173,17.13337441
15,11,5,MORENA,-103.274173,16.924071,0.946517032,99,-0.148067886,0.934863837,-103.4222409,17.85893484
15,12,5,MORENA,-103.274173,16.924071,0.837213626,108,-0.258713238,0.796237474,-103.5328862,17.72030847
15,13,5,MORENA,-103.274173,16.924071,0.627910219,117,-0.285065274,0.559472102,-103.5592383,17.4835431
15,14,5,MORENA,-103.274173,16.924071,0.418606813,126,-0.246050911,0.338660026,-103.5202239,17.26273103
15,15,5,MORENA,-103.274173,16.924071,0.209303406,135,-0.147999858,0.147999858,-103.4221729,17.07207086
15,16,5,PT,-103.274173,16.924071,0.946517032,144,-0.765748365,0.556348753,-104.0399214,17.48041975
15,17,5,MORENA,-103.274173,16.924071,0.837213626,153,-0.745962803,0.380087032,-104.0201358,17.30415803
15,18,5,PVEM,-103.274173,16.924071,0.627910219,162,-0.597178106,0.194034929,-103.8713511,17.11810593
15,19,5,MORENA,-103.274173,16.924071,0.418606813,171,-0.413453068,0.065484533,-103.6876261,16.98955553
15,20,5,MORENA,-103.274173,16.924071,0.209303406,180,-0.209303406,2.56E-17,-103.4834764,16.924071
15,21,5,MORENA,-103.274173,16.924071,0.946517032,189,-0.934863837,-0.148067886,-104.2090368,16.77600311
15,22,5,PAN,-103.274173,16.924071,0.837213626,198,-0.796237474,-0.258713238,-104.0704105,16.66535776
15,23,5,PVEM,-103.274173,16.924071,0.627910219,207,-0.559472102,-0.285065274,-103.8336451,16.63900573
15,24,5,PVEM,-103.274173,16.924071,0.418606813,216,-0.338660026,-0.246050911,-103.612833,16.67802009
15,25,5,MORENA,-103.274173,16.924071,0.209303406,225,-0.147999858,-0.147999858,-103.4221729,16.77607114
15,26,5,PVEM,-103.274173,16.924071,0.946517032,234,-0.556348753,-0.765748365,-103.8305218,16.15832264
15,27,5,PT,-103.274173,16.924071,0.837213626,243,-0.380087032,-0.745962803,-103.65426,16.1781082
15,28,5,MORENA,-103.274173,16.924071,0.627910219,252,-0.194034929,-0.597178106,-103.4682079,16.32689289
15,29,5,MORENA,-103.274173,16.924071,0.418606813,261,-0.065484533,-0.413453068,-103.3396575,16.51061793
15,30,5,MORENA,-103.274173,16.924071,0.209303406,270,-3.85E-17,-0.209303406,-103.274173,16.71476759
15,31,5,MORENA,-103.274173,16.924071,0.946517032,279,0.148067886,-0.934863837,-103.1261051,15.98920716
15,32,5,PT,-103.274173,16.924071,0.837213626,288,0.258713238,-0.796237474,-103.0154598,16.12783353
15,33,5,MORENA,-103.274173,16.924071,0.627910219,297,0.285065274,-0.559472102,-102.9891077,16.3645989
15,34,5,MORENA,-103.274173,16.924071,0.418606813,306,0.246050911,-0.338660026,-103.0281221,16.58541097
15,35,5,MORENA,-103.274173,16.924071,0.209303406,315,0.147999858,-0.147999858,-103.1261731,16.77607114
15,36,5,MORENA,-103.274173,16.924071,0.946517032,324,0.765748365,-0.556348753,-102.5084246,16.36772225
15,37,5,MORENA,-103.274173,16.924071,0.837213626,333,0.745962803,-0.380087032,-102.5282102,16.54398397
15,38,5,PVEM,-103.274173,16.924071,0.627910219,342,0.597178106,-0.194034929,-102.6769949,16.73003607
15,39,5,PT,-103.274173,16.924071,0.418606813,351,0.413453068,-0.065484533,-102.8607199,16.85858647
15,40,5,PVEM,-103.274173,16.924071,0.209303406,360,0.209303406,-5.13E-17,-103.0648696,16.924071
16,1,5,MORENA,-101.8781133,19.20709608,0.622037178,32.72727273,0.523290973,0.336298688,-101.3548223,19.54339477
16,2,5,MORENA,-101.8781133,19.20709608,0.414691452,65.45454545,0.172269055,0.377216613,-101.7058442,19.58431269
16,3,5,PT,-101.8781133,19.20709608,0.207345726,98.18181818,-0.029508373,0.205235245,-101.9076217,19.41233133
16,4,5,MORENA,-101.8781133,19.20709608,0.622037178,130.9090909,-0.407347723,0.470104332,-102.285461,19.67720041
16,5,5,MORENA,-101.8781133,19.20709608,0.414691452,163.6363636,-0.397893534,0.116832083,-102.2760068,19.32392816
16,6,5,PT,-101.8781133,19.20709608,0.207345726,196.3636364,-0.198946767,-0.058416042,-102.0770601,19.14868004
16,7,5,MORENA,-101.8781133,19.20709608,0.622037178,229.0909091,-0.407347723,-0.470104332,-102.285461,18.73699175
16,8,5,PVEM,-101.8781133,19.20709608,0.414691452,261.8181818,-0.059016747,-0.410470491,-101.93713,18.79662559
16,9,5,OTROS,-101.8781133,19.20709608,0.207345726,294.5454545,0.086134527,-0.188608306,-101.7919788,19.01848777
16,10,5,PAN,-101.8781133,19.20709608,0.622037178,327.2727273,0.523290973,-0.336298688,-101.3548223,18.87079739
16,11,5,PT,-101.8781133,19.20709608,0.414691452,360,0.414691452,6.35E-16,-101.4634218,19.20709608
17,1,4,MORENA,-99.07496233,18.74207794,0.201664212,72,0.062317669,0.191794063,-99.01264466,18.933872
17,2,4,MORENA,-99.07496233,18.74207794,0.253328425,144,-0.204947001,0.148902712,-99.27990933,18.89098065
17,3,4,PVEM,-99.07496233,18.74207794,0.201664212,216,-0.163149775,-0.11853525,-99.23811211,18.62354269
17,4,4,MORENA,-99.07496233,18.74207794,0.253328425,288,0.078282788,-0.240929649,-98.99667954,18.50114829
17,5,4,MORENA,-99.07496233,18.74207794,0.201664212,360,0.201664212,-4.94E-17,-98.87329812,18.74207794
18,1,1,MORENA,-104.8408535,21.80414017,0.428336785,120,-0.214168393,0.370950537,-105.0550219,22.17509071
18,2,1,MORENA,-104.8408535,21.80414017,0.214168393,240,-0.107084196,-0.185475269,-104.9479377,21.6186649
18,3,1,PT,-104.8408535,21.80414017,0.428336785,360,0.428336785,-1.05E-16,-104.4125167,21.80414017
19,1,2,PAN,-99.96896992,25.57259028,0.61912768,25.71428571,0.557814764,0.268629433,-99.41115516,25.84121971
19,2,2,PRI,-99.96896992,25.57259028,0.412751786,51.42857143,0.257346529,0.322702341,-99.71162339,25.89529262
19,3,2,MORENA,-99.96896992,25.57259028,0.206375893,77.14285714,0.045922956,0.201201619,-99.92304696,25.7737919
19,4,2,PAN,-99.96896992,25.57259028,0.61912768,102.8571429,-0.137768869,0.603604856,-100.1067388,26.17619514
19,5,2,PT,-99.96896992,25.57259028,0.412751786,128.5714286,-0.257346529,0.322702341,-100.2263164,25.89529262
19,6,2,PAN,-99.96896992,25.57259028,0.206375893,154.2857143,-0.185938255,0.089543144,-100.1549082,25.66213342
19,7,2,PVEM,-99.96896992,25.57259028,0.51912768,180,-0.51912768,-3.97E-16,-100.4880976,25.57259028
19,8,2,MORENA,-99.96896992,25.57259028,0.342751786,205.7142857,-0.308808689,-0.148714427,-100.2777786,25.42387585
19,9,2,PRI,-99.96896992,25.57259028,0.206375893,231.4285714,-0.128673265,-0.161351171,-100.0976432,25.41123911
19,10,2,PRI,-99.96896992,25.57259028,0.61912768,257.1428571,-0.137768869,-0.603604856,-100.1067388,24.96898542
19,11,2,PAN,-99.96896992,25.57259028,0.412751786,282.8571429,0.091845913,-0.402403237,-99.87712401,25.17018704
19,12,2,PVEM,-99.96896992,25.57259028,0.206375893,308.5714286,0.128673265,-0.161351171,-99.84029666,25.41123911
19,13,2,PVEM,-99.96896992,25.57259028,0.61912768,334.2857143,0.557814764,-0.268629433,-99.41115516,25.30396085
19,14,2,PT,-99.96896992,25.57259028,0.412751786,360,0.412751786,6.32E-16,-99.55621813,25.57259028
20,1,3,PT,-96.43013096,16.96144682,0.587462841,36,0.475267422,0.345301994,-95.95486354,17.30674881
20,2,3,MORENA,-96.43013096,16.96144682,0.391641894,72,0.121024001,0.372473576,-96.30910696,17.3339204
20,3,3,PT,-96.43013096,16.96144682,0.195820947,108,-0.060512001,0.186236788,-96.49064296,17.14768361
20,4,3,MORENA,-96.43013096,16.96144682,0.587462841,144,-0.475267422,0.345301994,-96.90539838,17.30674881
20,5,3,MORENA,-96.43013096,16.96144682,0.391641894,180,-0.391641894,4.80E-17,-96.82177285,16.96144682
20,6,3,PT,-96.43013096,16.96144682,0.195820947,216,-0.158422474,-0.115100665,-96.58855343,16.84634616
20,7,3,MORENA,-96.43013096,16.96144682,0.587462841,252,-0.181536002,-0.558710363,-96.61166696,16.40273646
20,8,3,PVEM,-96.43013096,16.96144682,0.391641894,288,0.121024001,-0.372473576,-96.30910696,16.58897324
20,9,3,MORENA,-96.43013096,16.96144682,0.195820947,324,0.158422474,-0.115100665,-96.27170849,16.84634616
20,10,3,MORENA,-96.43013096,16.96144682,0.587462841,360,0.587462841,-1.44E-16,-95.84266812,16.96144682
21,1,4,MORENA,-97.90009455,18.50606934,0.597803071,22.5,0.552298022,0.228769331,-97.449107,18.655577
21,2,4,PVEM,-97.90009455,18.50606934,0.398535381,45,0.28180707,0.28180707,-97.61828748,18.78787641
21,3,4,MORENA,-97.90009455,18.50606934,0.19926769,67.5,0.076256444,0.184099341,-97.82383811,18.69016868
21,4,4,MORENA,-97.90009455,18.50606934,0.597803071,90,3.66E-17,0.597803071,-97.90009455,19.10387241
21,5,4,MORENA,-97.90009455,18.50606934,0.398535381,112.5,-0.152512887,0.368198681,-98.05260744,18.87426802
21,6,4,MORENA,-97.90009455,18.50606934,0.19926769,135,-0.140903535,0.140903535,-98.04099809,18.64697288
21,7,4,MORENA,-97.90009455,18.50606934,0.597803071,157.5,-0.552298022,0.228769331,-98.45239257,18.73483867
21,8,4,MORENA,-97.90009455,18.50606934,0.398535381,180,-0.398535381,4.88E-17,-98.29862993,18.50606934
21,9,4,PVEM,-97.90009455,18.50606934,0.19926769,202.5,-0.184099341,-0.076256444,-98.08419389,18.4298129
21,10,4,MORENA,-97.90009455,18.50606934,0.597803071,225,-0.422710606,-0.422710606,-98.32280516,18.08335873
21,11,4,PT,-97.90009455,18.50606934,0.398535381,247.5,-0.152512887,-0.368198681,-98.05260744,18.13787066
21,12,4,PT,-97.90009455,18.50606934,0.19926769,270,-3.66E-17,-0.19926769,-97.90009455,18.30680165
21,13,4,MORENA,-97.90009455,18.50606934,0.597803071,292.5,0.228769331,-0.552298022,-97.67132522,18.95377132
21,14,4,MORENA,-97.90009455,18.50606934,0.398535381,315,0.28180707,-0.28180707,-97.61828748,18.22426227
21,15,4,MORENA,-97.90009455,18.50606934,0.19926769,337.5,0.184099341,-0.076256444,-97.71599521,18.4298129
21,16,4,PVEM,-97.90009455,18.50606934,0.597803071,360,0.597803071,-1.46E-16,-97.30229148,18.50606934
22,1,5,MORENA,-99.84579641,20.85517606,0.308002381,60,0.15400119,0.266737886,-99.69179522,21.12191395
22,2,5,PVEM,-99.84579641,20.85517606,0.10400119,120,-0.052000595,0.090067673,-99.89779701,20.94524373
22,3,5,PAN,-99.84579641,20.85517606,0.308002381,180,-0.308002381,3.77E-17,-100.1537988,20.85517606
22,4,5,PAN,-99.84579641,20.85517606,0.10400119,240,-0.052000595,-0.090067673,-99.89779701,20.76510839
22,5,5,PRI,-99.84579641,20.85517606,0.258002381,300,0.12900119,-0.223436616,-99.71679522,20.63173944
22,6,5,MORENA,-99.84579641,20.85517606,0.10400119,360,0.10400119,-2.55E-17,-99.74179522,20.85517606
23,1,3,PVEM,-88.12715569,19.5904422,0.361113411,90,2.21E-17,0.361113411,-88.12715569,19.95155561
23,2,3,MORENA,-88.12715569,19.5904422,0.180556706,180,-0.180556706,2.21E-17,-88.3077124,19.5904422
23,3,3,MORENA,-88.12715569,19.5904422,0.361113411,270,-6.64E-17,-0.361113411,-88.12715569,19.22932879
23,4,3,MORENA,-88.12715569,19.5904422,0.180556706,360,0.180556706,-4.42E-17,-87.94659898,19.5904422
24,1,2,MORENA,-100.4165087,22.58545982,0.411700439,51.42857143,0.256691025,0.321880365,-100.1598177,22.90734018
24,2,2,PVEM,-100.4165087,22.58545982,0.205850219,102.8571429,-0.045805983,0.200689125,-100.4623147,22.78614894
24,3,2,PVEM,-100.4165087,22.58545982,0.411700439,154.2857143,-0.370929278,0.178630126,-100.787438,22.76408995
24,4,2,MORENA,-100.4165087,22.58545982,0.205850219,205.7142857,-0.185464639,-0.089315063,-100.6019733,22.49614476
24,5,2,PAN,-100.4165087,22.58545982,0.411700439,257.1428571,-0.091611966,-0.401378249,-100.5081207,22.18408157
24,6,2,PVEM,-100.4165087,22.58545982,0.205850219,308.5714286,0.128345513,-0.160940182,-100.2881632,22.42451964
24,7,2,MORENA,-100.4165087,22.58545982,0.411700439,360,0.411700439,6.30E-16,-100.0048083,22.58545982
25,1,1,MORENA,-107.5091168,25.00146576,0.220755824,51.42857143,0.137639005,0.172593853,-107.3714778,25.17405961
25,2,1,MORENA,-107.5091168,25.00146576,0.441511649,102.8571429,-0.098245584,0.43044203,-107.6073624,25.43190779
25,3,1,PT,-107.5091168,25.00146576,0.220755824,154.2857143,-0.198894125,0.095782362,-107.7080109,25.09724812
25,4,1,MORENA,-107.5091168,25.00146576,0.441511649,205.7142857,-0.39778825,-0.191564725,-107.9069051,24.80990104
25,5,1,MORENA,-107.5091168,25.00146576,0.220755824,257.1428571,-0.049122792,-0.215221015,-107.5582396,24.78624475
25,6,1,MORENA,-107.5091168,25.00146576,0.441511649,308.5714286,0.27527801,-0.345187707,-107.2338388,24.65627805
25,7,1,MORENA,-107.5091168,25.00146576,0.220755824,360,0.220755824,3.38E-16,-107.288361,25.00146576
26,1,1,MORENA,-110.7989098,29.69232247,0.458833868,51.42857143,0.286078238,0.358730764,-110.5128316,30.05105323
26,2,1,MORENA,-110.7989098,29.69232247,0.229416934,102.8571429,-0.05105007,0.223664973,-110.8499599,29.91598744
26,3,1,PT,-110.7989098,29.69232247,0.458833868,154.2857143,-0.413395031,0.199080554,-111.2123048,29.89140302
26,4,1,MORENA,-110.7989098,29.69232247,0.229416934,205.7142857,-0.206697516,-0.099540277,-111.0056073,29.59278219
26,5,1,MORENA,-110.7989098,29.69232247,0.458833868,257.1428571,-0.102100141,-0.447329945,-110.9010099,29.24499252
26,6,1,MORENA,-110.7989098,29.69232247,0.229416934,308.5714286,0.143039119,-0.179365382,-110.6558707,29.51295709
26,7,1,MORENA,-110.7989098,29.69232247,0.458833868,360,0.458833868,7.03E-16,-110.3400759,29.69232247
27,1,3,MORENA,-92.59398698,17.9376914,0.188630933,60,0.094315466,0.16335918,-92.49967151,18.10105058
27,2,3,MORENA,-92.59398698,17.9376914,0.377261866,120,-0.188630933,0.326718359,-92.78261791,18.26440976
27,3,3,MORENA,-92.59398698,17.9376914,0.188630933,180,-0.188630933,2.31E-17,-92.78261791,17.9376914
27,4,3,MORENA,-92.59398698,17.9376914,0.377261866,240,-0.188630933,-0.326718359,-92.78261791,17.61097304
27,5,3,MORENA,-92.59398698,17.9376914,0.188630933,300,0.094315466,-0.16335918,-92.49967151,17.77433222
27,6,3,MORENA,-92.59398698,17.9376914,0.377261866,360,0.377261866,-9.24E-17,-92.21672511,17.9376914
28,1,2,MORENA,-98.64089439,24.29101156,0.203175582,45,0.143666832,0.143666832,-98.49722756,24.43467839
28,2,2,MORENA,-98.64089439,24.29101156,0.406351164,90,2.49E-17,0.406351164,-98.64089439,24.69736272
28,3,2,MORENA,-98.64089439,24.29101156,0.203175582,135,-0.143666832,0.143666832,-98.78456122,24.43467839
28,4,2,MORENA,-98.64089439,24.29101156,0.406351164,180,-0.406351164,4.98E-17,-99.04724555,24.29101156
28,5,2,PVEM,-98.64089439,24.29101156,0.203175582,225,-0.143666832,-0.143666832,-98.78456122,24.14734473
28,6,2,MORENA,-98.64089439,24.29101156,0.406351164,270,-7.47E-17,-0.406351164,-98.64089439,23.8846604
28,7,2,PT,-98.64089439,24.29101156,0.203175582,315,0.143666832,-0.143666832,-98.49722756,24.14734473
28,8,2,PAN,-98.64089439,24.29101156,0.406351164,360,0.406351164,-9.96E-17,-98.23454323,24.29101156
29,1,4,PT,-98.16854943,19.42857561,0.100145284,120,-0.050072642,0.08672836,-98.21862207,19.51530397
29,2,4,PVEM,-98.16854943,19.42857561,0.100290567,240,-0.050145284,-0.086854179,-98.21869471,19.34172143
29,3,4,PT,-98.16854943,19.42857561,0.100145284,360,0.100145284,-2.45E-17,-98.06840415,19.42857561
30,1,3,PVEM,-96.41855633,19.39295108,0.790097012,18.94736842,0.747287377,0.256544081,-95.67126895,18.64949516
30,2,3,MORENA,-96.41855633,19.39295108,0.593398008,37.89473684,0.468274407,0.3644726,-95.95028192,18.75742368
30,3,3,PVEM,-96.41855633,19.39295108,0.096699004,56.84210526,0.052889342,0.080953165,-96.015916,18.275266
30,4,3,PAN,-96.41855633,19.39295108,0.790097012,75.78947368,0.19395735,0.765920254,-96.22459898,18.65887133
30,5,3,MORENA,-96.41855633,19.39295108,0.393398008,94.73684211,-0.03248655,0.392054355,-96.45104288,19.78500543
30,6,3,MORENA,-96.41855633,19.39295108,0.196699004,113.6842105,-0.07901309,0.180131701,-96.49756942,19.57308278
30,7,3,MORENA,-96.41855633,19.39295108,0.590097012,132.6315789,-0.399661832,0.434148482,-96.81821816,19.82709956
30,8,3,MORENA,-96.41855633,19.39295108,0.393398008,151.5789474,-0.345983222,0.187236756,-96.76453955,19.58018784
30,9,3,MORENA,-96.41855633,19.39295108,0.196699004,170.5263158,-0.194016286,0.032375592,-96.61257262,19.42532667
30,10,3,MORENA,-96.41855633,19.39295108,0.590097012,189.4736842,-0.582048858,-0.097126776,-96.943448,19.555621
30,11,3,MORENA,-96.41855633,19.39295108,0.393398008,208.4210526,-0.345983222,-0.187236756,-96.76453955,19.20571432
30,12,3,MORENA,-96.41855633,19.39295108,0.196699004,227.3684211,-0.133220611,-0.144716161,-96.55177694,19.24823492
30,13,3,PVEM,-96.41855633,19.39295108,0.590097012,246.3157895,-0.23703927,-0.540395104,-96.6555956,18.85255598
30,14,3,MORENA,-96.41855633,19.39295108,0.393398008,265.2631579,-0.03248655,-0.392054355,-96.45104288,19.00089673
30,15,3,MORENA,-96.41855633,19.39295108,0.196699004,284.2105263,0.048286751,-0.190680067,-96.37026958,19.20227101
30,16,3,MORENA,-96.41855633,19.39295108,0.590097012,303.1578947,0.322752474,-0.494009438,-96.09580386,18.89894164
30,17,3,MORENA,-96.41855633,19.39295108,0.293398008,322.1052632,0.231532254,-0.180208787,-96.18702408,19.21274229
30,18,3,PVEM,-96.41855633,19.39295108,0.096699004,341.0526316,0.091459585,-0.031398115,-95.684745,18.080075
30,19,3,MORENA,-96.41855633,19.39295108,0.790097012,360,0.790097012,-2.30E-15,-95.62845932,18.39295108
31,1,3,MORENA,-88.92110935,20.74709751,0.365237583,60,0.182618791,0.316305025,-88.73849056,21.06340254
31,2,3,MORENA,-88.92110935,20.74709751,0.182618791,120,-0.091309396,0.158152513,-89.01241875,20.90525002
31,3,3,MORENA,-88.92110935,20.74709751,0.365237583,180,-0.365237583,4.47E-17,-89.28634693,20.74709751
31,4,3,PAN,-88.92110935,20.74709751,0.182618791,240,-0.091309396,-0.158152513,-89.01241875,20.588945
31,5,3,MORENA,-88.92110935,20.74709751,0.365237583,300,0.182618791,-0.316305025,-88.73849056,20.43079248
31,6,3,MORENA,-88.92110935,20.74709751,0.182618791,360,0.182618791,-4.47E-17,-88.73849056,20.74709751
32,1,2,MORENA,-102.6605573,23.28901891,0.421076115,90,2.58E-17,0.421076115,-102.6605573,23.71009503
32,2,2,PVEM,-102.6605573,23.28901891,0.210538058,180,-0.210538058,2.58E-17,-102.8710954,23.28901891
32,3,2,MORENA,-102.6605573,23.28901891,0.421076115,270,-7.74E-17,-0.421076115,-102.6605573,22.86794279
32,4,2,PT,-102.6605573,23.28901891,0.210538058,360,0.210538058,-5.16E-17,-102.4500192,23.28901891
